prompt,seed,case_number,source,coco_id
A large bus on the side of the road.,61730,9976,coco_30k_10k.csv,452321
A small bird standing on a dock on the water.,85754,9985,coco_30k_10k.csv,333294
A green shuttle bus taking a turn on a mountain road.,75269,9990,coco_30k_10k.csv,32648
people at costume party dressed up in costumes,61270,9998,coco_30k_10k.csv,398045
A bus drives down the middle of a street.,93348,10000,coco_30k_10k.csv,78696
Train conductor standing on a moving train next to some trees.,59685,10003,coco_30k_10k.csv,214468
A train turning a corner around a hill outside of an ocean.,70024,10006,coco_30k_10k.csv,161758
A small green train traveling down train tracks.,9134,10009,coco_30k_10k.csv,166896
The cat is standing by the rocking chair in the living room.,71853,10011,coco_30k_10k.csv,15567
Sign on the side of the road welcoming people to Arizona and another sign warning of road work ahead.,59047,10086,coco_30k_10k.csv,269922
A person with a safety vest in front of a bus.,34010,10088,coco_30k_10k.csv,320901
A sign is shown at the edge of a street.,41719,10100,coco_30k_10k.csv,122589
A bird is standing on the small branch outside.,84640,10107,coco_30k_10k.csv,98674
A cat with a tiny hat on top of its head.,17738,10117,coco_30k_10k.csv,285968
A woman in white shirt climbing onto an elephant.,8564,10121,coco_30k_10k.csv,18896
"An old, rusty fire hydrant, in front of the pole.",3648,10126,coco_30k_10k.csv,218751
Woman out running errands on her bicycle in the street.,3048,10134,coco_30k_10k.csv,249720
A turkey that is cooking in a large roaster oven on the counter.,54849,10143,coco_30k_10k.csv,69536
That looks like a wall mural in the background of this photo with a lot of sheet.,11804,10148,coco_30k_10k.csv,173574
A picture of a red bus waiting for passengers.,3112,10156,coco_30k_10k.csv,391187
The bluebird is just sitting quietly on the branch.,66745,10157,coco_30k_10k.csv,396252
A black and white picture of a bird flying over a ocean,51929,10168,coco_30k_10k.csv,191425
Single train parked at a train station on a clear day.,44651,10188,coco_30k_10k.csv,206994
Several books are stacked on a table.,86634,10191,coco_30k_10k.csv,82258
"lots of sheep grazing on a hillside, with people in background",94588,10193,coco_30k_10k.csv,206933
a stack of traffic signs on a pole next to a street.,17835,10197,coco_30k_10k.csv,11615
Several birds with black and yellow feathers sitting on some branches.,83916,10201,coco_30k_10k.csv,284594
A lot of birds on logs floating in the water.,98080,10209,coco_30k_10k.csv,446637
A high speed train is seen in the station.,25971,10211,coco_30k_10k.csv,159684
Large clock tower overlooking a busy street during the day.,4473,10214,coco_30k_10k.csv,579859
A man with his shirt off sitting by the shoreline sunning himself.,86689,10220,coco_30k_10k.csv,49259
A wooden bench has a company advertise on it.,66118,10223,coco_30k_10k.csv,189782
A train engine is sitting at a train station.,94971,10232,coco_30k_10k.csv,286021
Three giraffes are eating food from the feeder.,70410,10239,coco_30k_10k.csv,126638
A red fire hydrant with a sticker of several animals on it,63628,10240,coco_30k_10k.csv,204871
A group of birds and a man in a small boat.,89197,10244,coco_30k_10k.csv,563056
a blue bird sitting on someone's arm in a room,6295,10263,coco_30k_10k.csv,558169
A wooden bench on the ground next to some trees.,58795,10287,coco_30k_10k.csv,3217
"An intersection with a street sign, a person and a stop sign",90571,10301,coco_30k_10k.csv,475882
A street sign is underneath a concrete overpass.,84899,10336,coco_30k_10k.csv,379190
a train on a train track at a station,46728,10344,coco_30k_10k.csv,231691
Several different fire hydrants that have been painted various colors.,98867,10349,coco_30k_10k.csv,338191
A building in the sky that has the lights on.,49315,10357,coco_30k_10k.csv,571242
A traffic light hanging over a street next to cross walks.,14226,10373,coco_30k_10k.csv,155671
A street sign prohibiting vehicles in front of a store.,17074,10377,coco_30k_10k.csv,276707
A giraffe that is standing up in the grass.,29963,10382,coco_30k_10k.csv,76026
a picture of a bunch of train cars colored red.,89858,10391,coco_30k_10k.csv,87503
A group of animals grazing on a lush green field.,65253,10416,coco_30k_10k.csv,44699
A traffic light sitting on the side of a road.,90587,10421,coco_30k_10k.csv,181007
A female sheep with her two young lambs.,18111,10429,coco_30k_10k.csv,370609
A very cute cat near a bunch of birds.,89154,10434,coco_30k_10k.csv,9041
A fire department with a sign out front,95934,10443,coco_30k_10k.csv,308391
a yellow pipe next to a bricked pavement and a bush.,94319,10454,coco_30k_10k.csv,97767
Birds perch on a bunch of twigs in the winter.,40598,10458,coco_30k_10k.csv,143
A group of men is standing on a sidewalk with buses nearby.,23913,10462,coco_30k_10k.csv,562632
a number of books and magazines near a laptop,76340,10466,coco_30k_10k.csv,257629
Two giraffe moving very quickly in the woods.,82550,10488,coco_30k_10k.csv,211069
Sheep graze in a large field with trees behind them.,45278,10495,coco_30k_10k.csv,156195
A bus approaching an intersection at a green light.,31003,10508,coco_30k_10k.csv,271917
a green and white bus pulling up to a bus stop in a city,17072,10518,coco_30k_10k.csv,98431
A wooden bench sitting on top of a grass hillside near the ocean.,7738,10522,coco_30k_10k.csv,182179
A man herding sheep into an open pen.,61644,10532,coco_30k_10k.csv,286327
A giraffe drinking water from a  river on a beach.,68121,10539,coco_30k_10k.csv,15085
A train traveling through a lush green rural countryside.,50239,10541,coco_30k_10k.csv,567315
A yellow and blue train traveling along tracks.,3650,10545,coco_30k_10k.csv,143217
a tour boat resting in  the water next to a dock and underneath a bridge,31916,10547,coco_30k_10k.csv,40894
That aircraft is for display not for riding.,2897,10564,coco_30k_10k.csv,78979
A traffic light sitting above a street with vehicles.,35254,10565,coco_30k_10k.csv,539310
A dark and gloomy winter day in the city,66489,10618,coco_30k_10k.csv,100594
many cars driving on a city street near trees,65255,10622,coco_30k_10k.csv,514417
A large bird standing on top of a wooden post.,5565,10627,coco_30k_10k.csv,250680
A giraffe standing next to a forest on top of a field.,43478,10632,coco_30k_10k.csv,542248
A lush green forest filled with lots of trees.,16404,10638,coco_30k_10k.csv,472030
A herd of sheep standing on top of a lush green field,74378,10650,coco_30k_10k.csv,375449
A stop sign that has various stickers on it.,81767,10659,coco_30k_10k.csv,76648
An orange sign that has a picture of a man holding a flag.,99055,10660,coco_30k_10k.csv,266363
A group of sheep sitting next to a tree.,78066,10671,coco_30k_10k.csv,178994
A train covered in graffiti on top of train tracks.,45079,10680,coco_30k_10k.csv,368456
A red caboose with a man hanging off the back of it.,36209,10689,coco_30k_10k.csv,408818
Road signs giving directions and a car parked next to it,14783,10746,coco_30k_10k.csv,216006
A light that is above a white sign.,544,10766,coco_30k_10k.csv,208708
A train covered in graffiti sitting on top of train tracks.,67351,10801,coco_30k_10k.csv,456046
Two giraffe standing next to a tree covered hillside.,14392,10803,coco_30k_10k.csv,329494
A train traveling down train tracks next to trees.,50682,10806,coco_30k_10k.csv,2894
A cat is dressed like santa with a meme put together.,12135,10808,coco_30k_10k.csv,228746
The bird is perched on a dying flower outside.,68492,10810,coco_30k_10k.csv,139873
The airplane has landed behind a fence with barbed wire,87841,10850,coco_30k_10k.csv,490413
A train going down the train tracks in a building.,78161,10855,coco_30k_10k.csv,565331
A man that has a happy new  year hat on.,94830,10865,coco_30k_10k.csv,72238
A large group of birds in the water.,45910,10882,coco_30k_10k.csv,17260
A street sign hanging from the side of a metal pole.,95600,10887,coco_30k_10k.csv,276731
"A yellow and red van that reads "" Foot Stinks "" on it's right passenger door.",1377,10941,coco_30k_10k.csv,296825
A train sitting next to a loading platform with people standing on it.,7249,10949,coco_30k_10k.csv,49060
THERE IS A PERSON THAT IS SITTING IN THE BOAT ON THE WATER,69637,10959,coco_30k_10k.csv,484551
A group of three parked buses in front of a tall building.,88568,10961,coco_30k_10k.csv,409921
A couple of giraffe standing next to each other.,12195,10996,coco_30k_10k.csv,498960
a few rows of benches and a few people sitting on them,60352,11002,coco_30k_10k.csv,310524
a man wearing a top hat and a red tie,62616,11036,coco_30k_10k.csv,483667
A blue helicopter flying upside down in the sky.,54179,11037,coco_30k_10k.csv,450774
There is a stop sign covered in snow.,88885,11049,coco_30k_10k.csv,350214
A red stop sign and a person on a street.,47397,11052,coco_30k_10k.csv,328785
a child sitting on the ground with a flower,67788,11054,coco_30k_10k.csv,25990
A picnic table on a porch overlooking a body of water.,5357,11058,coco_30k_10k.csv,39399
a steam locomotive on a narrow gauge track in the snow,63831,11062,coco_30k_10k.csv,431523
A man walks across a street with a stop sign in the foreground.,76766,11065,coco_30k_10k.csv,418092
A woman with a red backpack is on a bus.,8379,11070,coco_30k_10k.csv,545594
a dog in a Santa hat on a pillow,41964,11076,coco_30k_10k.csv,261824
A large long bus on a city street.,6522,11088,coco_30k_10k.csv,56302
A herd of animals grazing on top of a grass field.,86150,11116,coco_30k_10k.csv,419201
A red fire hydrant sitting on the side of a road.,9907,11123,coco_30k_10k.csv,198943
a close up of a person hugging the head of a giraffe,21653,11134,coco_30k_10k.csv,470714
A train traveling down tracks near a rural area.,82430,11139,coco_30k_10k.csv,267628
A street with a graffiti post on the corner.,49525,11143,coco_30k_10k.csv,533311
A very tall giraffe walks through the trees.,6980,11161,coco_30k_10k.csv,398580
a couple of birds are perched on some branches,67569,11168,coco_30k_10k.csv,419854
A phone that is laying next to a stocking cap.,24269,11198,coco_30k_10k.csv,431199
a couple of large planes are flying through the air,8928,11202,coco_30k_10k.csv,359303
A train riding on a track near a forest and traffic signs.,92825,11204,coco_30k_10k.csv,6226
A small airplane flying over a field over crops.,94001,11205,coco_30k_10k.csv,145383
A yellow school bus parked  near a tree.,25074,11207,coco_30k_10k.csv,148319
An ugly looking street sign sitting on the corner of a street.,75150,11228,coco_30k_10k.csv,260595
A bus driving down the road near a church and traffic light.,95086,11237,coco_30k_10k.csv,40620
A white and red bus driving down a street.,52918,11250,coco_30k_10k.csv,292663
A man sitting in front of a laptop computer in an office.,88881,11253,coco_30k_10k.csv,13659
A crowd of people standing outside of a parked bus.,89820,11261,coco_30k_10k.csv,370602
A bus traveling past a traffic light next to a tree.,45159,11295,coco_30k_10k.csv,107840
a large bus is up by the side of a curb,8385,11326,coco_30k_10k.csv,393647
a school advertising on its store front window,88554,11330,coco_30k_10k.csv,406217
a bird is perched high up in a tree,94468,11349,coco_30k_10k.csv,285992
A bunch of sheep are standing in a field,62581,11366,coco_30k_10k.csv,442539
A passenger train passes a freight train traveling in opposite directions,77998,11385,coco_30k_10k.csv,296521
a metal bench resting on a sidewalk with cars on a street in the background,91900,11389,coco_30k_10k.csv,310072
A dead end street sign sitting next to abandoned furniture and garbage,16560,11394,coco_30k_10k.csv,150779
The sign is telling us where the train station is located.,95952,11420,coco_30k_10k.csv,333321
A train on the tracks out in the country,64841,11421,coco_30k_10k.csv,90155
A green traffic light above a street with a car on coming.,53107,11422,coco_30k_10k.csv,8179
a green and white bus is on the street,75022,11428,coco_30k_10k.csv,516143
A giraffe walking through tall grass between trees.,36761,11434,coco_30k_10k.csv,458467
A bus parked in a large parking lot,48535,11435,coco_30k_10k.csv,985
A picture of an outdoor area that looks great.,4056,11445,coco_30k_10k.csv,227033
A bird themed clock sitting inside of a green box.,18147,11447,coco_30k_10k.csv,386193
two public transit buses on a city street,22936,11462,coco_30k_10k.csv,58569
a yellow and black train is on some tracks,88883,11474,coco_30k_10k.csv,83602
A city bus moving along a road with many trees.,38617,11481,coco_30k_10k.csv,449403
The encompassing of an outside town in the picture.,81186,11483,coco_30k_10k.csv,389566
A red double decker bus driving down a street.,88858,11486,coco_30k_10k.csv,109939
A dog walking down the street with a bunch of birds flying around.,4544,11500,coco_30k_10k.csv,234785
a woman is on a poster hanging outside,41567,11507,coco_30k_10k.csv,381021
a building a sign some cars and traffic and street lights,8058,11526,coco_30k_10k.csv,462954
A bus driving down a street next to a white van.,9085,11537,coco_30k_10k.csv,516476
People at a bus stop waiting on a bus.,4347,11544,coco_30k_10k.csv,444493
A girl in a pink jacket on a bicycle passes a man in a blue cap on a bicycle.,87887,11552,coco_30k_10k.csv,483165
A young girl standing on a field with a flock of birds.,23280,11562,coco_30k_10k.csv,89154
a yellow train is at a train station,47447,11564,coco_30k_10k.csv,515360
A herd of sheep standing on top of dry grass in a pen.,52161,11566,coco_30k_10k.csv,50304
A group of people traveling down a cobble stone street.,66693,11574,coco_30k_10k.csv,238385
a street light hanging fron one of many wires connected to a power pole,70744,11578,coco_30k_10k.csv,381832
There is a train and bus in the cityscape.,63316,11607,coco_30k_10k.csv,446206
Street sign in front of a large building and clear skies.,3187,11612,coco_30k_10k.csv,552507
a couple of giraffes walk next to a stone wall,65206,11633,coco_30k_10k.csv,160447
The yellow fire hydrant is next to the bushes.,70229,11636,coco_30k_10k.csv,52005
a red and white fire hydrant is sitting by a curb,45440,11715,coco_30k_10k.csv,62459
A black cat sleeping in the sun on a bench,73350,11718,coco_30k_10k.csv,133707
Passengers gather to board oncoming black and red train.,95730,11728,coco_30k_10k.csv,538463
A blue and green bird perched on a branch,52529,11733,coco_30k_10k.csv,36004
A train parked next to some train tracks.,71519,11735,coco_30k_10k.csv,458109
A street crossing with a street sign for Mulholland and a no-U-turn sign.,48637,11750,coco_30k_10k.csv,287535
A bird sits on a rear view mirror,23039,11752,coco_30k_10k.csv,483149
a small statue is by a red sign,5739,11771,coco_30k_10k.csv,54264
An overhead view of traffic in a metropolitan area.,62258,11780,coco_30k_10k.csv,217886
A white and black bird captured in flight.,30872,11786,coco_30k_10k.csv,25360
Two trains sitting on parallel tracks waiting at a station.,84968,11793,coco_30k_10k.csv,130234
a bus that is parked next to a street,68314,11798,coco_30k_10k.csv,20273
A car driving down the road in a neighborhood.,19805,11809,coco_30k_10k.csv,499388
A person leading a herd of sheep with a dog.,3361,11812,coco_30k_10k.csv,237881
This train car features a variety of colors and carries passengers.,83856,11828,coco_30k_10k.csv,192496
a little giraffe sitting on the ground next to a somewhat bigger one,82192,11836,coco_30k_10k.csv,213399
A red double decker bus parks next to a large white awning.,99111,11839,coco_30k_10k.csv,557163
The grazing sheep don't notice the truck in the field.,82317,11841,coco_30k_10k.csv,428067
A group of people playing music in front of the capital.,16856,11851,coco_30k_10k.csv,475660
Tourists will find blue signs like this in Great Britain.,15342,11860,coco_30k_10k.csv,33554
two public transit buses on a city street,73414,11884,coco_30k_10k.csv,299044
A city at night with a well lit blue building.,38084,11898,coco_30k_10k.csv,128907
A woman is sitting on a bench in front of the water.,3722,11909,coco_30k_10k.csv,65170
Fire hydrant sitting in the middle of a hiking area on the side of a gorge.,71901,11913,coco_30k_10k.csv,569273
A group of birds are sitting at the edge of the river.,91897,11952,coco_30k_10k.csv,271032
Buses parked on a road outside a large bus station.,8198,11964,coco_30k_10k.csv,15517
"An urban street with a streetlight, one way sign, and people walking.",46417,11973,coco_30k_10k.csv,190923
A bus is traveling along rolling hills in the countryside.,42210,11974,coco_30k_10k.csv,89500
A stop sign with a street sign above it.,88874,11976,coco_30k_10k.csv,484029
A bird is flying away from the person,65167,11983,coco_30k_10k.csv,347953
A cat outside looking through a window.,63483,11996,coco_30k_10k.csv,277584
the driver of a double decked bus standing outside,83863,12000,coco_30k_10k.csv,531036
a field that ha a bunch of sheep in it,48755,12003,coco_30k_10k.csv,580746
a guy that is sitting on a park bench with a news paper,91074,12016,coco_30k_10k.csv,73773
Two women each feeding a giraffe at their enclosure.,16620,12021,coco_30k_10k.csv,100977
a pole that has a sign attached to it,47064,12026,coco_30k_10k.csv,476754
A fire hydrant is painted in a patriotic theme.,37431,12027,coco_30k_10k.csv,264940
A bench sitting in the middle of a lake.,85786,12037,coco_30k_10k.csv,442952
A couple of cops walking towards a double decker bus.,8919,12043,coco_30k_10k.csv,411047
there is a service truck that is behind a bus,85370,12057,coco_30k_10k.csv,187240
The front of a house is next to some trees.,70136,12059,coco_30k_10k.csv,22167
Small bird standing on rope near open ocean.,67294,12064,coco_30k_10k.csv,123932
this is a bus with an ad for a casino,54243,12085,coco_30k_10k.csv,274655
A baby giraffe is lying down in an enclosed grassy area while a larger giraffe is walking around.,96980,12095,coco_30k_10k.csv,150576
A cloudy day with a few airplanes waiting to take off.,55245,12101,coco_30k_10k.csv,72666
a couple of giraffes are standing in a pin,70269,12104,coco_30k_10k.csv,443334
"A black and white photo of a camera, on a bench.",60510,12108,coco_30k_10k.csv,81056
a man at a restaurant using his laptop,23690,12119,coco_30k_10k.csv,564336
A herd of sheep standing on top of a grass covered field.,72920,12121,coco_30k_10k.csv,29094
Debris on a corner outside of a building near a street sign.,10889,12128,coco_30k_10k.csv,297736
A pair of sheep looking eagerly at something through a fence.,29578,12129,coco_30k_10k.csv,474384
Giraffe relaxes in the shade in the park,20101,12131,coco_30k_10k.csv,431897
"A view of a sheep staring at the camera, its flock is behind it.",27875,12142,coco_30k_10k.csv,146099
there is a red stop sign on this street,39579,12145,coco_30k_10k.csv,309173
a cat laying down on top of a cardboard box,75971,12150,coco_30k_10k.csv,508952
A small dog sitting on top of a couch cushion.,31920,12156,coco_30k_10k.csv,538132
A bird stands on the ground among dried leaves.,80948,12168,coco_30k_10k.csv,453330
A man by a park bench is taking off his pants.,18993,12194,coco_30k_10k.csv,106096
"A red stop sign that reads "" Eating Animals "" below it.",74595,12217,coco_30k_10k.csv,214200
A bird with red eyes perched on top of a tree branch.,91350,12232,coco_30k_10k.csv,95022
A turquoise and white airplane and cars on the tarmac.,2999,12238,coco_30k_10k.csv,526711
A yellow taxi cab sitting below tall buildings.,86906,12239,coco_30k_10k.csv,322864
A large dog standing next to a man holding a child.,97946,12246,coco_30k_10k.csv,542939
A brown bear walking in white and black boots.,77214,12251,coco_30k_10k.csv,505371
A train making its way through a rail yard.,38820,12255,coco_30k_10k.csv,511153
Locomotive pulling cars on tracks in outdoor area.,75252,12260,coco_30k_10k.csv,144715
A fire hydrant sitting on the side of a road near a building.,76700,12272,coco_30k_10k.csv,348648
People sitting on a bench on a town's sidewalk.,28084,12275,coco_30k_10k.csv,480416
A rustic iron fence with bushes in front of it and a blue information sign.,33783,12304,coco_30k_10k.csv,393212
A pond with two ducks swimming on top of it.,26179,12330,coco_30k_10k.csv,396779
A blurry photo of a train riding along,77101,12342,coco_30k_10k.csv,273354
A giraffe eating grass from a stick near a bridge.,33618,12351,coco_30k_10k.csv,290828
A city street filled with lots of traffic and pedestrians.,13275,12362,coco_30k_10k.csv,220690
A couple of brown cows standing by the side of a road.,73086,12365,coco_30k_10k.csv,90738
A yellow and white bus driving down a street.,76001,12367,coco_30k_10k.csv,442582
A red fire hydrant sitting next to a wooden wall.,71190,12369,coco_30k_10k.csv,474711
a big bus that has some people by it,22565,12379,coco_30k_10k.csv,101053
Commuter rail trains on tracks in large urban area.,76388,12390,coco_30k_10k.csv,520503
Some very cute sheep by some very big trees.,42773,12398,coco_30k_10k.csv,91136
A truck stopped at an intersection where construction barriers are up.,80900,12403,coco_30k_10k.csv,178156
A train pulling into the station in a city.,77261,12410,coco_30k_10k.csv,155443
a man in a hat is in a crowd,42356,12413,coco_30k_10k.csv,106344
A fire hydrant on a sidewalk along a street.,18946,12415,coco_30k_10k.csv,159203
An all way stop sign on a sidewalk area.,54942,12424,coco_30k_10k.csv,431686
Two birds that are sitting in a marsh area.,5499,12425,coco_30k_10k.csv,4283
"The red, double decker bus is driving past other buses.",66783,12437,coco_30k_10k.csv,1584
A bench sitting in front of a group of vending machines.,57247,12442,coco_30k_10k.csv,165919
a public transit bus on a city street,11385,12443,coco_30k_10k.csv,241517
A train traveling down tracks through a field.,46869,12466,coco_30k_10k.csv,451046
A wood bench sitting in front of a tree.,4509,12488,coco_30k_10k.csv,211047
A big red bus parked on the street near a city,16731,12496,coco_30k_10k.csv,433963
a giraffe standing on a sandy beach in front of some rocks,17797,12510,coco_30k_10k.csv,267571
Cars parallel-parked on a street with a street-light in the background.,38830,12521,coco_30k_10k.csv,390684
"a man in a dress shirt, tie, and a trucker hat",91328,12538,coco_30k_10k.csv,514826
A private parking sign under a bridge with writing.,45159,12546,coco_30k_10k.csv,166524
The van drives down the street behind two people walking a dog.,9725,12547,coco_30k_10k.csv,405021
Group of young men standing in fenced area with skateboards.,27457,12554,coco_30k_10k.csv,451573
The head and neck of a giraffe with bare tree branches behind it.,26031,12569,coco_30k_10k.csv,328512
The lamb is nursing for milk from his mother.,30216,12574,coco_30k_10k.csv,100354
"A giraffe's head is pictured in this clear, colorful photo.",78607,12580,coco_30k_10k.csv,92109
Two giraffes stand and eat food out of a basket.,99054,12592,coco_30k_10k.csv,536615
Two giraffe standing together and looking towards an area of trees and bushes.,49728,12597,coco_30k_10k.csv,72632
a couple of birds swimming in a lake,59579,12600,coco_30k_10k.csv,64103
A mirror that is on a tiled wall.,11085,12606,coco_30k_10k.csv,230247
Aoold rustc sign is standing upright in some grass,69741,12607,coco_30k_10k.csv,37339
this is a group of giraffes walking together,4357,12628,coco_30k_10k.csv,127785
a sheep in a field with a dog and people watching,60988,12643,coco_30k_10k.csv,288685
A young woman pets and kisses a giraffe.,79795,12645,coco_30k_10k.csv,450081
some yellow signs attached to a building wall,61341,12674,coco_30k_10k.csv,304012
A black and white picture of a large house is shown.,13375,12691,coco_30k_10k.csv,261796
"Firetruck driving through city with lights on, fast.",39730,12698,coco_30k_10k.csv,475529
a wood bench is sitting near a pole,71154,12702,coco_30k_10k.csv,247609
A tall monstrous looking street sign sitting on the side of a road.,40240,12721,coco_30k_10k.csv,341801
An old brick building along side of a river,12107,12749,coco_30k_10k.csv,318415
A gray fire hydrant sitting next to a green hedge.,38881,12753,coco_30k_10k.csv,169849
A bird is sitting on a branch among unfocused trees,36175,12763,coco_30k_10k.csv,280480
A passenger train car that has been tagged with graffiti.,22042,12772,coco_30k_10k.csv,187514
A stop sign stands amongst a garden of cacti.,33746,12780,coco_30k_10k.csv,235984
a green sign on a pole with a street light,50953,12784,coco_30k_10k.csv,199257
a city bus drives down a street next to a building,84063,12788,coco_30k_10k.csv,282366
A bus sitting parked on the cement near a building.,20557,12795,coco_30k_10k.csv,150686
Picnic tables on a patio covered in snow.,94414,12803,coco_30k_10k.csv,413626
a large giraffe following her kid into a room,9549,12806,coco_30k_10k.csv,381173
A bus that is sitting in the street.,46989,12827,coco_30k_10k.csv,144992
Sign indicating danger of falling rocks with snow,33644,12836,coco_30k_10k.csv,489907
Small group of giraffes traveling through dense green brush,63253,12843,coco_30k_10k.csv,99913
A bird flying between to stop lights in the evening.,2435,12865,coco_30k_10k.csv,520232
A giraffe eating the bark off of a tree.,22416,12883,coco_30k_10k.csv,61720
A bird that is flying above the flowers.,43476,12897,coco_30k_10k.csv,210346
Three children sitting in a row reading books.,99336,12898,coco_30k_10k.csv,569314
a black bench is in front of a window,44391,12900,coco_30k_10k.csv,249443
Bullet holes in a stop sign in a rule area,62562,12907,coco_30k_10k.csv,94025
a bunch of cars parked on the side of a street,33748,12916,coco_30k_10k.csv,274931
The green traffic signals are near two parked vehicles.,64539,12939,coco_30k_10k.csv,555066
A street sign depicting the corner of TUDOR CITY PLACE and E 42 ST.,13094,12942,coco_30k_10k.csv,345711
A man pushing a wheelchair on the street.,56500,12951,coco_30k_10k.csv,286544
a couple of giraffes that are standing in a fence,26746,12961,coco_30k_10k.csv,12204
a yellow and black train sitting next to a platform,50807,12977,coco_30k_10k.csv,474974
a red sign is on a pole by a street,15221,12992,coco_30k_10k.csv,551811
a couple of people are in line at a vendor,40876,12994,coco_30k_10k.csv,241728
A bus and truck driving down a busy city street.,23367,12997,coco_30k_10k.csv,295340
A building in a grassy area with a sign indicating which way,33808,12999,coco_30k_10k.csv,237964
The green and beige double decker bus is parked beside a brick building.,9251,13006,coco_30k_10k.csv,504342
A white bird sitting on top of a wooden post.,76892,13009,coco_30k_10k.csv,356092
A street intersection in an Asian country during the day,22200,13013,coco_30k_10k.csv,157112
a man standint by a little fence for a bus stop,99740,13021,coco_30k_10k.csv,247714
An image of a girl running above an image of a bench.,58178,13030,coco_30k_10k.csv,467151
A traffic light on green with several traffic signs surrounding it,57954,13033,coco_30k_10k.csv,452308
A large jetliner flying through a cloudy blue sky.,19323,13036,coco_30k_10k.csv,344397
"A bench that has fallen apart, sitting in a forest.",69237,13045,coco_30k_10k.csv,420371
a woman is sitting with a statue on a bench,12360,13050,coco_30k_10k.csv,558064
A bunch of birds flying around a couple of waves near the ocean.,42691,13053,coco_30k_10k.csv,182441
Several cars travelling on a street with several traffic lights.,67948,13081,coco_30k_10k.csv,526392
A bulldog is unhappy about wearing a hat.,1293,13085,coco_30k_10k.csv,532381
There are several people walking in a street parade.,30602,13128,coco_30k_10k.csv,573349
A garbage truck parked next to a food vendor.,6706,13149,coco_30k_10k.csv,222137
A man sits on the couch with two cats on his lap.,64717,13155,coco_30k_10k.csv,413395
A photograph of a group of people at a party.,60501,13159,coco_30k_10k.csv,400048
An attractive young lady taking a selfy in front of a mirror.,41950,13160,coco_30k_10k.csv,345847
"Two men are riding an elephant, a driver and a passenger.",94493,13164,coco_30k_10k.csv,164594
A cat sleeps on a pile of discarded shoes.,33170,13181,coco_30k_10k.csv,185030
A herd of cattle grazing on a green grass covered field.,26959,13206,coco_30k_10k.csv,573896
A delivery truck parked in front of a store on a street.,37982,13210,coco_30k_10k.csv,270316
A number of unmanned small boats tied together.,97165,13220,coco_30k_10k.csv,400547
A room filled with clutter and a laptop computer.,19977,13228,coco_30k_10k.csv,57359
Two women stand under an umbrella at the beach.,53091,13229,coco_30k_10k.csv,75023
A cat sleeps on top of a computer mouse.,71981,13241,coco_30k_10k.csv,493295
Several people standing around a watering hole taking photos of elephants.,97092,13278,coco_30k_10k.csv,469777
Two little white boxes are on a mat.,39133,13282,coco_30k_10k.csv,568337
A woman holding a cigarette smiling at the camera on a sunny day.,18489,13287,coco_30k_10k.csv,377239
Clothes hanging on a rope over an unfinished patio.,95805,13308,coco_30k_10k.csv,408057
Longhorn cows stand or recline in a barn.,44926,13334,coco_30k_10k.csv,240301
Two elephants in a herd playing with each other.,55622,13343,coco_30k_10k.csv,237797
A herd of cattle standing on a pasture next to green crops.,87291,13348,coco_30k_10k.csv,488979
A group of brief cases are piled up on the sidewalks.,80880,13379,coco_30k_10k.csv,329041
A man tossing a frisbee under his leg.,72850,13398,coco_30k_10k.csv,301541
A little boy running towards a green Frisbee.,95524,13410,coco_30k_10k.csv,332869
A mother and it's calf standing in a field.,82579,13411,coco_30k_10k.csv,467776
A kid playing a game of frisbee with his dog in the snow.,27963,13420,coco_30k_10k.csv,457575
A girl with blue hair is taking a self portrait.,88406,13427,coco_30k_10k.csv,16598
A man wearing a parking meter repair jacket pushing a cart down a sidewalk.,38803,13438,coco_30k_10k.csv,292118
Two big trucks are parked in a parking lot.,63887,13455,coco_30k_10k.csv,126030
A child holding an umbrella in the rain.,65004,13460,coco_30k_10k.csv,85787
a single red white and yellow train engine on the tracks,88057,13472,coco_30k_10k.csv,401935
Two men sitting around a laptop looking at the screen.,84042,13477,coco_30k_10k.csv,467931
A young calf drinks from its mother's udders,90986,13482,coco_30k_10k.csv,133778
A man carrying apiece of luggage on a sidewalk.,12898,13524,coco_30k_10k.csv,170950
A woman sitting in a chair while holding a young child.,61808,13525,coco_30k_10k.csv,119134
Three people walking down a sidewalk while holding umbrellas.,14254,13561,coco_30k_10k.csv,131418
An elephant in the river holding something with its trunk,80810,13562,coco_30k_10k.csv,106896
A steel truss bridge carries a roadway over a rail yard.,75367,13565,coco_30k_10k.csv,14380
Line of black cows eating hay from a hay bale.,57761,13578,coco_30k_10k.csv,214832
A dog holds a frisbee with the side of its mouth,41636,13584,coco_30k_10k.csv,218561
A cruise ship is sailing close to the shore as two adults and a child walk through the sand.,34269,13592,coco_30k_10k.csv,64446
A black and white photo of a man running across the street.,51760,13601,coco_30k_10k.csv,380993
A truck parked by other vehicles covered in graffiti.,69388,13604,coco_30k_10k.csv,520043
A hand reaching out to a brown and white cow.,18071,13612,coco_30k_10k.csv,253362
A cow in front of another cow standing in a grassy field.,41989,13615,coco_30k_10k.csv,211618
A blue and yellow train progressing on a track.,87238,13620,coco_30k_10k.csv,158950
many cows in a field of green grass behind a fence,13233,13630,coco_30k_10k.csv,166868
A man in a suit stands in front of a bus,92465,13638,coco_30k_10k.csv,504700
A green and red dump truck parked behind a building,73981,13650,coco_30k_10k.csv,489861
An elephant in the zoo behind a large fence,72284,13663,coco_30k_10k.csv,134555
A field with a bunch of cows grazing.,87204,13672,coco_30k_10k.csv,224093
A dog standing in a kitchen with a toy.,59390,13673,coco_30k_10k.csv,91343
Two adults and one baby elephant walking in the wilderness,80338,13677,coco_30k_10k.csv,4229
several dogs behind a crate with hay on the ground,95692,13690,coco_30k_10k.csv,524382
The man is holding his tie with his right hand.,70259,13703,coco_30k_10k.csv,89487
A young girl jumping into the air while holding an umbrella.,11647,13714,coco_30k_10k.csv,144929
A young girl using a cellphone while sitting next to luggage.,27976,13717,coco_30k_10k.csv,110509
A goat standing in front of a store next to a metal hook.,10083,13738,coco_30k_10k.csv,262993
A young boy holding an umbrella while standing on a wooden deck.,28877,13742,coco_30k_10k.csv,482848
A fleet of green army trucks parked on a grass covered field.,658,13756,coco_30k_10k.csv,398507
A cat is laying curled up on a table surrounded by greenery.,3669,13767,coco_30k_10k.csv,380117
a person walking down a sidewalk holding a colorful umbrella,82352,13779,coco_30k_10k.csv,115075
a man and woman in a canoe with a young child holding oars,80877,13780,coco_30k_10k.csv,199438
A boat sails through frigid water with icebergs.,36893,13817,coco_30k_10k.csv,74280
A black cat playing with a pair of shoes on a stool,59676,13823,coco_30k_10k.csv,47425
A brown bear walks through a grassy field.,67646,13827,coco_30k_10k.csv,283849
A gray and white cat sitting on a grey office chair.,4863,13828,coco_30k_10k.csv,145668
A small boat sailing on a large body of water.,71926,13831,coco_30k_10k.csv,496485
Small kitten warming up to a shy dog.,4769,13841,coco_30k_10k.csv,247428
A line of oil trucks driving down a street,78568,13854,coco_30k_10k.csv,448868
A young man holding up a green bottle as he drinks,3052,13855,coco_30k_10k.csv,109454
A steam train coming through town with houses in the back.,21759,13858,coco_30k_10k.csv,88094
Two woman sharing an umbrella as they walk,94676,13862,coco_30k_10k.csv,145405
Cat sitting on a desk with a computer behind him.,36607,13875,coco_30k_10k.csv,179392
a small boat on a beat near a body of water,18345,13877,coco_30k_10k.csv,223496
A dog sitting in the back of a truck under a blue umbrella.,47592,13899,coco_30k_10k.csv,432276
Elephants walking with each other to travel to a place.,727,13917,coco_30k_10k.csv,465257
"Train with lights on, multiple track area, near over/under pass.",24480,13926,coco_30k_10k.csv,323828
A red and white tug boat drifting in the water.,6491,13941,coco_30k_10k.csv,72860
a close up of a reflection in a body of water,82342,13945,coco_30k_10k.csv,379022
A couple of bags in the back of a car.,98870,13948,coco_30k_10k.csv,525376
"A man in a blue shirt with a red beard, laughing.",35787,13968,coco_30k_10k.csv,478724
A herd of cows drinking water from the river,73584,13975,coco_30k_10k.csv,377326
A mother elephant leading a baby elephant on a clear day.,91655,13982,coco_30k_10k.csv,101959
There are four cows eating grass in a field,66470,13984,coco_30k_10k.csv,190767
A man standing on a paddle boat with his dog on the front end of it.,88260,13997,coco_30k_10k.csv,415798
nice picture of two signs in front of mountains,9765,14012,coco_30k_10k.csv,99741
A firetruck is near a brown building off a side street that veers from a main road.,32999,14033,coco_30k_10k.csv,350003
A firetruck driving past an ambulance on the opposite side of the street.,94672,14043,coco_30k_10k.csv,509772
A map of the Boston subway printed on a statue of a cow.,78497,14070,coco_30k_10k.csv,507667
This is one man with two different sides to him.,44439,14076,coco_30k_10k.csv,163025
A piece of luggage painted with the Eiffel tower on the side of it.,86995,14107,coco_30k_10k.csv,410849
A man sitting on the ground looking like a zombie.,72229,14108,coco_30k_10k.csv,97502
A gray suitcase is empty while clothing is strewn around it.,75355,14109,coco_30k_10k.csv,85637
A man with a dog sitting in his backpack talking to a woman in sunglasses.,32482,14112,coco_30k_10k.csv,265916
This shirtless young man is wearing a tie.,86837,14119,coco_30k_10k.csv,235541
Two young men leaning up against a wall wearing ties.,83958,14120,coco_30k_10k.csv,214492
A street scene with people lined up on the sidewalk.,21494,14126,coco_30k_10k.csv,388100
A cat is playing in a plant on the side of a house.,32551,14131,coco_30k_10k.csv,301107
A picture of a boat being built inside.,88962,14133,coco_30k_10k.csv,90448
A brown dog laying on top of a couch next to a brown teddy bear.,49486,14137,coco_30k_10k.csv,205854
A hand holding a piece of cake with a bite out of it in front of a black and white cat.,94856,14152,coco_30k_10k.csv,109612
A man behind the counter showing a tie made of wood.,38835,14169,coco_30k_10k.csv,64334
A large group of trains parked next to each other on railroad tracks.,35327,14188,coco_30k_10k.csv,263884
a yellow and red train on its track,54207,14201,coco_30k_10k.csv,378844
This young girl is learning to throw a frisbee.,9684,14203,coco_30k_10k.csv,306636
A bear pokes about in the water while seagulls look on.,91683,14204,coco_30k_10k.csv,219594
Stormtrooper figurines sit on the ground near a fence.,85685,14214,coco_30k_10k.csv,360175
A city street with a firetruck driving down it,86414,14217,coco_30k_10k.csv,288824
a close up of a rusted ol car in a field,23332,14218,coco_30k_10k.csv,149767
a train on a train track with a sky background,92929,14225,coco_30k_10k.csv,381658
Two elephants in a field rubbing their trunks on each other.,93147,14233,coco_30k_10k.csv,263860
Dog eating food off of a paper plate.,70666,14251,coco_30k_10k.csv,317147
An adult and baby elephant grazing in the green grass.,63186,14257,coco_30k_10k.csv,92034
A man on horseback herds cattle on yellow grass.,20796,14271,coco_30k_10k.csv,397640
Four men standing outside a brick building with trucks.,48636,14273,coco_30k_10k.csv,487131
A beautiful young woman in a bikini riding a paddle boat.,6909,14280,coco_30k_10k.csv,440940
A white dog laying on top of a Siamese cat on a stone wall.,35800,14285,coco_30k_10k.csv,209419
Yellow vehicle with surfboard tied to roof rack.,17835,14286,coco_30k_10k.csv,217016
The bow of a ship on land with another on the edge of the water.,21436,14290,coco_30k_10k.csv,38662
A pay phone sits on a wet sidewalk on a gloomy day.,16682,14295,coco_30k_10k.csv,214295
There is a cat laying down on a keyboard.,68958,14306,coco_30k_10k.csv,364297
A woman sitting on the ground holding a purple stripped umbrella.,84059,14326,coco_30k_10k.csv,230995
A man and a woman laying in bed on top of each other.,76911,14332,coco_30k_10k.csv,503470
A white teddy bear sitting in a chair.,18753,14334,coco_30k_10k.csv,87141
A cat and dog walk alongside each other.,37016,14346,coco_30k_10k.csv,19304
A brown cow standing in a lush green field.,61950,14354,coco_30k_10k.csv,548921
Two adults and two children sitting on an elephant,62281,14355,coco_30k_10k.csv,457907
A little girl holding a green umbrella on a sidewalk.,85118,14391,coco_30k_10k.csv,85852
Two boats floating on top of a river next to a  rock mountain,10747,14400,coco_30k_10k.csv,50952
"A cropped photo of an outhouse with a man in a chicken costume, military men and a polar bear.",99766,14402,coco_30k_10k.csv,117095
A cat sitting on top of a shelf with a mouse box.,41143,14423,coco_30k_10k.csv,317822
Cats sits on arm of chair blocking view of laptop,78239,14434,coco_30k_10k.csv,408736
An old truck with several years of paint schemes sits parked as if artwork.,19401,14442,coco_30k_10k.csv,485532
A brown cow lays down in the grass,19765,14457,coco_30k_10k.csv,60687
A couple of men standing next to train tracks.,4817,14474,coco_30k_10k.csv,292236
A close up of a stop sign with two hand written notes taped to it.,32530,14479,coco_30k_10k.csv,153568
A woman walking down a road holding an umbrella.,37768,14486,coco_30k_10k.csv,431364
A sky view looking at a large parachute in the sky.,99112,14495,coco_30k_10k.csv,210098
A man standing on top of a boat next to a man in a straw hat.,67685,14515,coco_30k_10k.csv,208107
The blue dump truck rides down the street next to the houses.,1641,14535,coco_30k_10k.csv,454382
"A couple posing in front of a bush embraces, touches noses, and laughs.",70494,14542,coco_30k_10k.csv,26624
A bald man with a beard wearing a polka dot bow tie.,50784,14543,coco_30k_10k.csv,473109
A white and orange cat laying on top of a bed.,79986,14549,coco_30k_10k.csv,359574
A baby elephant next to an adult elephant,52295,14556,coco_30k_10k.csv,122996
A black and white cat stares downward at a window.,35512,14579,coco_30k_10k.csv,125635
The elephant family is walking down the road.,98178,14584,coco_30k_10k.csv,346905
A woman holds an open umbrella while reading her phone.,90730,14595,coco_30k_10k.csv,384462
Three zebras are running up a grassy hill,58044,14596,coco_30k_10k.csv,482062
A man with a suit stands behind a row of chairs in the middle of the afternoon.,99046,14598,coco_30k_10k.csv,445944
A beautiful woman in a bikini surfing with her dog.,87404,14601,coco_30k_10k.csv,392108
A person standing next to a gray and brown dog.,24015,14612,coco_30k_10k.csv,521427
A beautiful young lady walking down a street in the rain.,55206,14620,coco_30k_10k.csv,34930
A herd of animals grazing on a lush green field.,90849,14639,coco_30k_10k.csv,360705
A family riding on the back of an elephant across a field.,31712,14640,coco_30k_10k.csv,546067
A person walking down a street while holding an umbrella.,5190,14643,coco_30k_10k.csv,74101
An orange tabby cat is curled up fast asleep on the top of a sofa cushion.,40987,14662,coco_30k_10k.csv,80757
A LOT OF PEOPLE ARE ON BOATS IN THE WATER,36593,14675,coco_30k_10k.csv,567142
Two favorite kitty activities are sleeping and perusing the outdoors from a windowsill.,51457,14677,coco_30k_10k.csv,412377
A group of young people holding hands standing in front of a tall building.,19093,14686,coco_30k_10k.csv,67502
A group of people standing in a flooded street.,77142,14692,coco_30k_10k.csv,465601
A group of people riding a large gray elephant.,29282,14698,coco_30k_10k.csv,384468
A small green floating on top of a lake.,81804,14717,coco_30k_10k.csv,556369
q close up of three men wearing suits and neck ties,38228,14719,coco_30k_10k.csv,38586
a view of a nuclear power plant from a train stop.,30492,14720,coco_30k_10k.csv,140292
A small elephant licking a blue metal fence.,82367,14722,coco_30k_10k.csv,237597
A man standing next to a woman inside of a building.,28624,14724,coco_30k_10k.csv,442305
A piece of luggage filled with clothing and materials.,85682,14725,coco_30k_10k.csv,498994
A snowboard sitting on a hard wood floor.,92263,14729,coco_30k_10k.csv,315524
A person standing in a field next to trees flying a kite.,20073,14737,coco_30k_10k.csv,82920
A brown and white cow standing in the middle of a gravel path.,65180,14759,coco_30k_10k.csv,374629
A black dog laying on a couch with a floral pattern.,59997,14767,coco_30k_10k.csv,36713
An orange and white cat laying on top of a brown shoe.,39677,14790,coco_30k_10k.csv,388009
A kid tossing a blue frisbee towards another kid.,19005,14794,coco_30k_10k.csv,153971
A couple of young beautiful women holding umbrellas.,35654,14800,coco_30k_10k.csv,479723
A large brown dog laying net to brown wooden barrels.,15983,14809,coco_30k_10k.csv,453731
A woman walking down a street while holding an umbrella.,6456,14816,coco_30k_10k.csv,118743
People around a purple truck loaded with a vehicle.,2021,14831,coco_30k_10k.csv,144878
A beautiful woman in short shorts standing next to a river filled with elephants.,69835,14857,coco_30k_10k.csv,444719
A woman walking down a street holding an umbrella.,69706,14872,coco_30k_10k.csv,57265
A wagon with supplies sitting on top of it.,86273,14884,coco_30k_10k.csv,82465
A young girl is smiling while holding a luggage bag.,68232,14890,coco_30k_10k.csv,314154
Electronic parking meter machine on the side of the road,89448,14915,coco_30k_10k.csv,503232
A white cat laying on a zebra striped blanket.,92919,14920,coco_30k_10k.csv,530367
A large brown dog standing next to a cat on a bed.,4340,14931,coco_30k_10k.csv,86215
A white and red truck with chrome rims parked next to a building.,27059,14934,coco_30k_10k.csv,367893
A group of four women walking down a street in the rain.,65348,14948,coco_30k_10k.csv,36598
A cup filled with a glass at on top of a table.,75811,14949,coco_30k_10k.csv,562735
Three cows standing on a lush green field.,69719,14973,coco_30k_10k.csv,298628
A harbor filled with boats floating on water.,5833,14992,coco_30k_10k.csv,342334
A white semi truck traveling down a road.,66379,14996,coco_30k_10k.csv,251785
Two cats sitting on top of a pair of shoes.,89060,14998,coco_30k_10k.csv,555705
A group of lawn chairs sitting on top of a beach.,76833,14999,coco_30k_10k.csv,17272
A dog with a blue frisbee in it's mouth.,89002,15000,coco_30k_10k.csv,58849
A woman standing next to a white cow with long horns.,28661,15002,coco_30k_10k.csv,208549
"A couple of children riding on the back of a horse posing with their mom, her cow and a small dog.",20932,15007,coco_30k_10k.csv,376247
An outdoor with a patio with chairs and a wooden deck.,91404,15022,coco_30k_10k.csv,233033
A brown dog sitting in a mans back pack.,80978,15025,coco_30k_10k.csv,161609
A crowd of people standing next to each other.,77909,15030,coco_30k_10k.csv,12236
A large gray elephant standing under a blue covering.,8074,15032,coco_30k_10k.csv,422221
A man walking past a group of ladies walking down a road holding pink umbrellas with his gut and moobs handing out.,11622,15042,coco_30k_10k.csv,353001
A boat traveling down a lake next to a shoreline.,58532,15060,coco_30k_10k.csv,2764
A man sticking his tongue while wearing a pink sign around his neck.,60975,15061,coco_30k_10k.csv,209018
A bookshelf with a bear toy and various books.,67150,15072,coco_30k_10k.csv,83574
A yellow truck filled with passengers driving down a  street.,57765,15088,coco_30k_10k.csv,335670
A filed full of cattle laying on lush green grass.,40991,15092,coco_30k_10k.csv,346412
"A closeup of a black jacket, white shirt and striped tie.",84638,15101,coco_30k_10k.csv,475053
A man in white jacket and red tie and a woman in a white headdress.,71378,15102,coco_30k_10k.csv,366529
A white boat on water with seagulls and umbrella in the foreground.,12698,15103,coco_30k_10k.csv,289752
A large red and white boat floating on top of a lake.,4937,15118,coco_30k_10k.csv,75146
A group of women standing next to each other carrying luggage.,94711,15125,coco_30k_10k.csv,222828
Cat with a light colored bowtie lying on floor.,32590,15131,coco_30k_10k.csv,196664
An elephant standing under the shade of a tree.,48347,15137,coco_30k_10k.csv,314294
The young man is outside playing a game of Frisbee.,68801,15154,coco_30k_10k.csv,88485
A man wearing glasses lays in bed next to a cat.,86627,15165,coco_30k_10k.csv,16875
Brown and black cows in a grassy field by trees.,68462,15242,coco_30k_10k.csv,489391
A white chair sitting next to a black cat.,80640,15270,coco_30k_10k.csv,463266
A wet elephant walks through a sandy portion of the beach.,7753,15273,coco_30k_10k.csv,468005
A cat sleeping on top of a pair of shoes.,36201,15289,coco_30k_10k.csv,576701
A picture of a cat wearing a bow tie.,35817,15302,coco_30k_10k.csv,271907
A man adjusting his tie while wearing a jacket.,34364,15309,coco_30k_10k.csv,428554
A cat sits in a living room with a television in the background.,30532,15352,coco_30k_10k.csv,32597
A person sitting outdoors with a Frisbee in front of their face.,56734,15363,coco_30k_10k.csv,578807
a small calf nursing a cow in a pasture,30386,15375,coco_30k_10k.csv,526706
A black and white photo shows someone standing on a beach behind a curtain,3756,15382,coco_30k_10k.csv,365208
A long haired cat sitting next to an open door.,54694,15383,coco_30k_10k.csv,522909
Several people are standing outside a large boat.,84106,15391,coco_30k_10k.csv,511599
Cattle lie in the grass to chew their cud.,75928,15396,coco_30k_10k.csv,402992
A person in a shirt and tie is holding a can.,644,15408,coco_30k_10k.csv,147624
People walking next to a cafe in the rain,21142,15414,coco_30k_10k.csv,502963
A close up of a dog eating something on its bed.,67966,15419,coco_30k_10k.csv,209286
A display of flowering bushes in pots on a backyard patio.,95777,15429,coco_30k_10k.csv,124429
A bottle of booze sitting next to a glass.,38326,15433,coco_30k_10k.csv,571786
Two boats pulled ashore in the sand on a river bank.,1528,15441,coco_30k_10k.csv,346377
A dog kissing a cat on top of a cement road.,82011,15443,coco_30k_10k.csv,401758
a cat rubbing its face against a bottle.c,86832,15444,coco_30k_10k.csv,361157
Some animals that are eating some hay together.,93351,15448,coco_30k_10k.csv,315062
A close up of a person wearing a bow tie posing for a photo.,30016,15457,coco_30k_10k.csv,345979
A group of young women holding umbrellas while walking down a street.,82881,15463,coco_30k_10k.csv,281759
A cat laying on top of a chair as it sleeps.,27986,15472,coco_30k_10k.csv,546622
A piece of luggage is leaning against the wall.,74455,15480,coco_30k_10k.csv,505487
A man holding a tray of glasses with candy canes.,57819,15482,coco_30k_10k.csv,519329
Two antique suitcases sit stacked one on top of the other.,37678,15495,coco_30k_10k.csv,441147
A young boy who is formally dressed is smiling for the camera.,45344,15496,coco_30k_10k.csv,222625
There is a elephant that is standing besides a lake or river,69996,15513,coco_30k_10k.csv,194381
some small boats in a body of water,1688,15515,coco_30k_10k.csv,199125
The people are on the beach enjoying the sun.,16688,15526,coco_30k_10k.csv,350467
a bear walking in the woods next to some trees,11461,15528,coco_30k_10k.csv,11552
A person looking over the water at large boats.,56018,15529,coco_30k_10k.csv,247306
A photograph of two cows grazing on a green pasture.,87986,15538,coco_30k_10k.csv,357081
A large stuffed bear on display in a room.,82416,15544,coco_30k_10k.csv,453438
A man sitting up on a chair with a umbrella.,54892,15548,coco_30k_10k.csv,481422
A boy in a tie is bending down over a bowl.,50315,15551,coco_30k_10k.csv,62297
Two elephants lock their trucks together in the brush area.,21812,15556,coco_30k_10k.csv,562595
A dog swimming in a poop with a Frisbee.,41271,15569,coco_30k_10k.csv,284772
A couple of giant umbrellas suspended from a ceiling.,3726,15582,coco_30k_10k.csv,290951
Man walking down street with an umbrella over his head.,95735,15588,coco_30k_10k.csv,487957
A man on a horse beside some cattle on a road.,57313,15591,coco_30k_10k.csv,558253
The contents of a backpack displayed next to the backpack.,92317,15599,coco_30k_10k.csv,334125
Three back packers with heavy packs and a dog hiking on a hill side.,13921,15613,coco_30k_10k.csv,96288
A harbor with many boats and city in the background.,92015,15623,coco_30k_10k.csv,13420
A white pick up truck parked in a parking lot.,43170,15630,coco_30k_10k.csv,129800
A group of people with pink umbrellas on walkway.,6690,15634,coco_30k_10k.csv,432106
a polar bear following a big winged bird,98517,15645,coco_30k_10k.csv,572517
These suitcases are sitting next to a chair.,88733,15652,coco_30k_10k.csv,480652
People are on board elephants in a muddy river.,1503,15654,coco_30k_10k.csv,315352
Self photo in mirror of male with brown vest and jeans,52599,15673,coco_30k_10k.csv,5569
"A person in a car wearing dark glasses, a shirt, and tie.",55511,15678,coco_30k_10k.csv,562155
A field with a boundary line across it and some cattle in the background.,82139,15683,coco_30k_10k.csv,528886
A grassy field with animals roaming on it.,42098,15687,coco_30k_10k.csv,498283
Two bulls laying in hay with various people standing around.,73949,15704,coco_30k_10k.csv,141426
The big bear is laying down on the rock in the sun.,17603,15707,coco_30k_10k.csv,568082
A cute cat laying on a rock in the woods.,53521,15710,coco_30k_10k.csv,577028
A girl in grey jacket and tie standing on a street.,53592,15720,coco_30k_10k.csv,544655
Small dog sitting on a carpet with a rubber doughnut toy.,24408,15731,coco_30k_10k.csv,113271
A small child standing next to a train at a station.,4957,15738,coco_30k_10k.csv,195567
two men in suits standing next to each other,18568,15744,coco_30k_10k.csv,381529
A woman is hitting a ball with a tennis racket.,37054,15751,coco_30k_10k.csv,153822
A man wearing a tie and a white shirt with glasses.,66388,15775,coco_30k_10k.csv,412586
Elephants stand in a large expanse of grass.,52113,15778,coco_30k_10k.csv,349896
there is a dog playing frisbee in the snow,9133,15791,coco_30k_10k.csv,102598
two boats on the beach separated from one another,33844,15793,coco_30k_10k.csv,156184
A cute kitten playing with strings on a shoe.,14877,15799,coco_30k_10k.csv,205103
A white truck parked in front of a store with lots of windows.,27512,15808,coco_30k_10k.csv,293785
A man in a tie shaking a woman by the hand.,92103,15815,coco_30k_10k.csv,467107
A brown cow standing in a forest next to tree branches.,78292,15819,coco_30k_10k.csv,531973
A black and white cow standing next to a wire fence.,88958,15820,coco_30k_10k.csv,423336
A set of three neck ties with pictures of dogs and cats on them.,28649,15825,coco_30k_10k.csv,189504
A man standing on stage with a group of men .,91811,15830,coco_30k_10k.csv,490739
A train with cars going down the tracks in the country.,71499,15852,coco_30k_10k.csv,25346
"A black and white photo of four people, one rowing along a lake.",90253,15853,coco_30k_10k.csv,380834
An unmanned boat is in the ocean water.,95755,15855,coco_30k_10k.csv,240329
Two dogs relaxing out on the dirt road,13028,15882,coco_30k_10k.csv,111548
A dark red train traveling down train tracks past a train station.,93796,15888,coco_30k_10k.csv,67948
Four adults riding on a boat that is homemade.,99772,15891,coco_30k_10k.csv,356622
A red stop sign sitting on top of a green planter.,60191,15910,coco_30k_10k.csv,283038
A woman standing next to a cat laying on top of a floor.,45533,15931,coco_30k_10k.csv,78495
A small elephant laying on the ground in the mud.,59800,15940,coco_30k_10k.csv,498383
A cat laying on top of a bag filled with items.,62484,15942,coco_30k_10k.csv,48530
an old fashioned table holding onto some suitcases,27832,15944,coco_30k_10k.csv,304159
Two piles of trunks sitting next to each other.,97526,15946,coco_30k_10k.csv,64915
a pair of shoes and fabric strewn across a wooden floor.,41613,15948,coco_30k_10k.csv,315388
Traffic stop sign with dilapidated building behind it.,84124,15954,coco_30k_10k.csv,347163
Two tall buildings stand next to each other.,79869,15970,coco_30k_10k.csv,560119
A black sedan parked in the street with a building in a modern architectural style in the background.,56294,15972,coco_30k_10k.csv,437859
Man setting fire to a wooden dugout boat,1125,15979,coco_30k_10k.csv,439710
A group of ferry and sailboats are sitting on the water.,51441,15986,coco_30k_10k.csv,519703
Two cows in a small penned area standing together,69082,15994,coco_30k_10k.csv,511349
Guys on motorcycles rides along side cars and behind a truck filled with people in the back.,47278,16000,coco_30k_10k.csv,171548
A person that is on the front of a can.,105,16010,coco_30k_10k.csv,324774
A man is standing next to his ice cream truck.,91097,16012,coco_30k_10k.csv,258850
A boat filled with people floating down a canal.,49008,16014,coco_30k_10k.csv,448849
There are three semi-trucks in this hangar two facing in and one facing out.,93767,16029,coco_30k_10k.csv,545749
A aqua colored truck carrying a wide load down the street.,26207,16037,coco_30k_10k.csv,182233
A big steer is just about to walk onto the road near the folks on the bike.,87685,16047,coco_30k_10k.csv,343504
A row of bamboo umbrellas sitting on top of a beach.,95117,16051,coco_30k_10k.csv,319768
Many boats are docked across from a city.,53861,16055,coco_30k_10k.csv,198247
two yellow red and silver trains on their tracks,82432,16059,coco_30k_10k.csv,275744
A colorful truck is driving with a full load of sticks and twigs.,77231,16089,coco_30k_10k.csv,188439
Two elephants walk in the grass together by trees.,59786,16108,coco_30k_10k.csv,140702
Two men standing on street next to a tree and building.,11247,16138,coco_30k_10k.csv,111864
black teddy bear placed in front of mirror,16835,16141,coco_30k_10k.csv,17769
a close up of a cat in a sink,77641,16159,coco_30k_10k.csv,39828
Looking in to a straw lined pen of cows,3508,16168,coco_30k_10k.csv,52575
A group of people scrubbing down their elephants,79608,16191,coco_30k_10k.csv,81616
A group of cows grazing near a beach as one cow looks up.,65598,16206,coco_30k_10k.csv,416765
A brown and white cat is in a suitcase.,52598,16223,coco_30k_10k.csv,319865
A cow on a hill top looking for something to eat,23059,16245,coco_30k_10k.csv,350491
Black and white photograph of people with surfboards next to a car.,91581,16254,coco_30k_10k.csv,414934
a person walking down a street while holding an umbrella,22216,16256,coco_30k_10k.csv,383001
a polar bear in the water holding a carrot,79790,16274,coco_30k_10k.csv,87194
A large elephant carrying a man down the street,84242,16294,coco_30k_10k.csv,210980
Two dogs in a living room watching outside through a glass door.,69598,16297,coco_30k_10k.csv,417846
A cow that is grazing on some grass.,99253,16316,coco_30k_10k.csv,22983
An elephant in a zoo near a watering hole.,43649,16318,coco_30k_10k.csv,431159
A young man leaing a cow down a rural country road.,94827,16342,coco_30k_10k.csv,354242
A cat eating a part of a person sandwich,96492,16369,coco_30k_10k.csv,21161
A brown and white cat on carpet with wall in background.,32785,16382,coco_30k_10k.csv,226957
a small boat in the ocean heading toward a navy ship,31674,16393,coco_30k_10k.csv,288114
Many boats are parked in the middle of a city.,17691,16418,coco_30k_10k.csv,463849
A dog sits on a seat in the middle of a room.,77573,16419,coco_30k_10k.csv,264392
A group of five people steering a raft down a river.,62982,16428,coco_30k_10k.csv,137362
a train being run on a train track near trees,21499,16450,coco_30k_10k.csv,414068
Cat standing next to a dog laying on the bed,90757,16453,coco_30k_10k.csv,570995
A man holding a suitcase in one hand and hat in the other,79049,16469,coco_30k_10k.csv,539738
A cat that is standing looking through a glass.,51573,16491,coco_30k_10k.csv,63552
A small kitten laying on top of a purple slipper.,4878,16493,coco_30k_10k.csv,234124
A open suitcase with a book on a table.,77566,16506,coco_30k_10k.csv,473433
Two trucks carrying logs are traveling up a hill.,83619,16535,coco_30k_10k.csv,172201
There are several differently colored train cars shown.,7660,16553,coco_30k_10k.csv,105876
A woman holds an umbrella while sitting in a camp chair.,4916,16581,coco_30k_10k.csv,464317
Two boats that are sitting in the water.,13588,16595,coco_30k_10k.csv,142942
A man stands with a flag-decked statue depicting a child with piles of luggage.,88308,16596,coco_30k_10k.csv,559364
A cat is staring at the computer keyboard.,3451,16603,coco_30k_10k.csv,575911
"A rather large heard of elephants, including a baby.",54423,16604,coco_30k_10k.csv,121326
A cat sitting on a table behind a glass filled with wine.,82223,16605,coco_30k_10k.csv,349130
A picture of brothers and sisters in a family.,21810,16615,coco_30k_10k.csv,531144
some boats are in the water buildings and a person,9365,16625,coco_30k_10k.csv,90040
That doll has really dark and black eyes.,74151,16629,coco_30k_10k.csv,463628
a woman walks down the street holding a umbrella,33387,16641,coco_30k_10k.csv,226380
a cat laying in a cat bed near an open umbrella,15608,16643,coco_30k_10k.csv,493074
A woman riding on a boat filled with supplies.,8186,16652,coco_30k_10k.csv,24609
Several people standing on a sidewalk under an umbrella.,19112,16655,coco_30k_10k.csv,530162
A black and white cow grazing on dry hay next to a black cow.,63234,16656,coco_30k_10k.csv,179200
three adult brown bears standing around staring at something,68032,16663,coco_30k_10k.csv,112573
a close up of a person holding a cat wearing a tie,97582,16664,coco_30k_10k.csv,149646
A dog jumping in the air catching a frisbee.,98103,16675,coco_30k_10k.csv,523418
a close up of a cat laying on top of a luggage bag,76087,16680,coco_30k_10k.csv,245997
A dog holding a skateboard trotting down a street.,51252,16683,coco_30k_10k.csv,499397
A cat with glowing eyes laying on top of a person.,61835,16685,coco_30k_10k.csv,573753
A girl and a boy smile at each other.,88403,16694,coco_30k_10k.csv,200939
there is a man walking in the street holding a umbrella,36810,16698,coco_30k_10k.csv,412437
Two elephants are standing by the trees in the wild.,8411,16703,coco_30k_10k.csv,108338
A stop sign is hanging from a post.,67473,16713,coco_30k_10k.csv,420658
A large cow laying on the ground in the woods.,85572,16718,coco_30k_10k.csv,161195
A lady is on the beach hiding in her umbrella.,64576,16735,coco_30k_10k.csv,495546
A dog grabs for a Frisbee in the park.,61581,16743,coco_30k_10k.csv,498346
there is a small black train and people looking at it,72848,16749,coco_30k_10k.csv,96241
"A man wearing glasses, dress shirt and a tie is smiling in content.",45216,16751,coco_30k_10k.csv,173274
A small boat in the water and a person.,52598,16752,coco_30k_10k.csv,230936
a group of green luggage sitting together in a living room,64204,16761,coco_30k_10k.csv,325153
A boat that has blue covers sitting on the side of the water,54413,16763,coco_30k_10k.csv,379085
A man holding a baby in a white baptism outfit.,42486,16773,coco_30k_10k.csv,151742
A red bench and a person in a train station.,10005,16785,coco_30k_10k.csv,565485
A man dressed in a black vest suit is modeling in front of a building.,4495,16804,coco_30k_10k.csv,72255
Two men are playing ball with some elephants.,55801,16824,coco_30k_10k.csv,563541
A view of a beach that has some people sitting on it.,48926,16838,coco_30k_10k.csv,202582
A cat is staring at a laptop computer.,76297,16843,coco_30k_10k.csv,506095
A woman in a tie and blue hair.,62074,16844,coco_30k_10k.csv,393372
There is no image here to provide a caption for.,76633,16847,coco_30k_10k.csv,265742
The dog is laying down underneath the table because he is in trouble for chewing on things he shouldn't have chewed on.,59037,16850,coco_30k_10k.csv,213799
A woman with dyed hair and wearing a tie poses for a selfie.,22681,16851,coco_30k_10k.csv,497297
A gate is near lots and lots of luggage that is all grouped together in different clusters.,58875,16852,coco_30k_10k.csv,360097
a large lake and a forest behind it,56420,16853,coco_30k_10k.csv,219216
A cat sleeping on top of a stereo by a plastic clock,62759,16866,coco_30k_10k.csv,441974
A small cat sitting on a chair by a window.,77008,16868,coco_30k_10k.csv,168847
A cow seems disfigured and injured on the beach.,78770,16875,coco_30k_10k.csv,300008
A man walking down a street holding a red and gray bag.,94198,16886,coco_30k_10k.csv,207611
A cat that is in a piece of luggage.,32358,16890,coco_30k_10k.csv,292232
A group of people hanging out around a truck.,3791,16910,coco_30k_10k.csv,531585
A group of boats sitting next to each other on a beach.,13051,16913,coco_30k_10k.csv,287663
A cat laying on top of a suitcase laying on the floor.,94754,16932,coco_30k_10k.csv,500471
A person holding an umbrella walking across a road.,51097,16939,coco_30k_10k.csv,499374
Two men enjoy glasses of beer at a gathering.,97140,16944,coco_30k_10k.csv,328730
A dog wearing a yellow bandanna sitting on a log during a hike,79836,16990,coco_30k_10k.csv,290355
A single cow laying in a grassy field,56956,16996,coco_30k_10k.csv,22168
some people sitting and standing on the beach,89170,17004,coco_30k_10k.csv,535608
a cat laying on a luggage bag on the ground,27582,17006,coco_30k_10k.csv,84650
A small dog that is sitting in a sailboat panting.,16886,17009,coco_30k_10k.csv,112677
Many cows are fenced into the green plains.,58872,17010,coco_30k_10k.csv,150016
A black cat laying on top of a piece of luggage.,40728,17015,coco_30k_10k.csv,535080
A boat that is sitting in the water.,33110,17018,coco_30k_10k.csv,229014
A red table topped with a laptop and a monitor.,23497,17059,coco_30k_10k.csv,426205
The pick up truck is plowing the snow.,67690,17088,coco_30k_10k.csv,9769
A woman holding a child on her hip in the water,40737,17100,coco_30k_10k.csv,149446
a building sits in front of a parking meter,19232,17116,coco_30k_10k.csv,417265
A parked truck in a parking lot next to a tree.,43384,17117,coco_30k_10k.csv,386525
A cat with it's head inside of a brown shoe.,58661,17141,coco_30k_10k.csv,84312
A herd of elephants walking down a dirt road.,30603,17154,coco_30k_10k.csv,115749
The man in a sweater vest is smiling for a pose.,52391,17155,coco_30k_10k.csv,379585
a giant bear standing on its hind legs in a grassy area in front of the mountain,76657,17168,coco_30k_10k.csv,513056
A tow truck is parked and is towing another vehicle.,11236,17183,coco_30k_10k.csv,491336
A herd of cattle walking down a street near lush green trees.,85576,17194,coco_30k_10k.csv,580418
"Man lying on floor playing with cat, in cluttered room.",89810,17203,coco_30k_10k.csv,247206
a group of people take a rest near their luggage,36992,17204,coco_30k_10k.csv,133210
A stack of black bags sitting on top of an airport floor.,14994,17250,coco_30k_10k.csv,511251
Large clock sitting on the side of a large building.,32564,17260,coco_30k_10k.csv,565989
A group of trains passing by each other on a track.,22446,17272,coco_30k_10k.csv,180982
A bald man in a suit looking down at something,54240,17297,coco_30k_10k.csv,557562
A brown and black dog is holding a red frisbee.,61106,17310,coco_30k_10k.csv,574208
a large sidewalk is filled with people walking around,66948,17320,coco_30k_10k.csv,307364
A cake that has paw prints and miniatures dogs on it.,86234,17343,coco_30k_10k.csv,140444
An elephant that is walking among some bushes.,46372,17347,coco_30k_10k.csv,541485
A huge dump truck is fenced in in front of a neighborhood.,39513,17355,coco_30k_10k.csv,450404
A group of people sitting on top of a sandy beach.,43547,17371,coco_30k_10k.csv,14494
A black cat standing inside of a piece of luggage.,3144,17376,coco_30k_10k.csv,51095
The elephant appears to have a lot of wrinkles.,63973,17381,coco_30k_10k.csv,445569
A shadow looks like a cat in a living room.,9794,17385,coco_30k_10k.csv,494634
A large boat in a harbor with a bridge behind it.,77916,17392,coco_30k_10k.csv,191138
Two men smiling and taking a picture together.,20854,17413,coco_30k_10k.csv,423506
A woman riding a pair of skis and reaching towards a dog.,21649,17414,coco_30k_10k.csv,500316
Couple of cows outside eating at the grass,7394,17433,coco_30k_10k.csv,216235
"Even before daybreak, the cows are in the milking pen",87487,17452,coco_30k_10k.csv,314616
A man standing next to an elephant with a long trunk.,84944,17455,coco_30k_10k.csv,369037
A man wearing a Tour de France t-shirt stands beside a statue of a cow.,72227,17462,coco_30k_10k.csv,386718
A group of people holding umbrellas in the middle of a graduation.,1541,17469,coco_30k_10k.csv,4975
a man in a purple shirt and a tie,70849,17487,coco_30k_10k.csv,60010
A white cat laying inside of a black boot.,85136,17492,coco_30k_10k.csv,167874
a black and white dog with a collar looking out a large window,17832,17496,coco_30k_10k.csv,487741
People with umbrellas walking down a street on a rainy day.,89787,17503,coco_30k_10k.csv,397274
A cat sitting on a rug in a room with a couch.,4645,17508,coco_30k_10k.csv,309044
Dog jumping in air to catch flying disc with adult sitting in background.,83774,17517,coco_30k_10k.csv,280709
A number of cattle outside some houses,19392,17527,coco_30k_10k.csv,241453
A cart stacked with several pieces of packaged items at a pickup location of a store.,88666,17533,coco_30k_10k.csv,309692
A young girl with glasses appears to be waiting with luggage at the baggage center.,30368,17537,coco_30k_10k.csv,323552
A sailboat docked beside a pier and other boats.,21958,17552,coco_30k_10k.csv,2290
Two white cattle standing in water next to some ducks.,18706,17558,coco_30k_10k.csv,548095
A baby nursing from its mother in the grass.,15511,17580,coco_30k_10k.csv,200217
A Pokemon and Mickey Mouse standing next to a light pole.,45030,17605,coco_30k_10k.csv,359851
a person standing with a broken umbrella,94762,17644,coco_30k_10k.csv,31235
Some very cute cows all lined up in a row.,32355,17657,coco_30k_10k.csv,32909
A woman wearing a white shirt and neck tie.,56695,17666,coco_30k_10k.csv,39513
A group of buses parked next to each other.,35212,17673,coco_30k_10k.csv,240804
The ugly tie with flowers is hanging up,51546,17682,coco_30k_10k.csv,162398
The girl with blue hair stands under the umbrella,78146,17689,coco_30k_10k.csv,168243
a blurry picture of a cat and a window,39275,17695,coco_30k_10k.csv,346865
A newspaper that has sunglasses on top of it sitting in front of books.,19436,17722,coco_30k_10k.csv,151358
An elephant is walking around his exhibit at the zoo,80958,17762,coco_30k_10k.csv,194188
A brown dog running with a yellow frisbee in it's mouth.,37734,17764,coco_30k_10k.csv,402778
A person in a red jacket holding an umbrella.,53472,17774,coco_30k_10k.csv,102778
A barn with a large American flag on the side of it.,20052,17777,coco_30k_10k.csv,223766
A young boy sitting on top of a cow statue.,44487,17809,coco_30k_10k.csv,326774
A group of cows standing next to a  line of laundry drying.,77364,17816,coco_30k_10k.csv,306582
An elephant eats leaves off of a tree.,49527,17842,coco_30k_10k.csv,324436
An old fire truck with an old sign in the back of the truck bed.,87784,17845,coco_30k_10k.csv,132210
A group of people with one person holding up a huge different color umbrella.,84358,17847,coco_30k_10k.csv,441543
A woman holding a blue umbrella while she walks beside other two women.,5988,17852,coco_30k_10k.csv,35076
A dog sitting behind a pair of black shoes.,61490,17854,coco_30k_10k.csv,412240
A white FedEx truck parked in front of a tall building.,11312,17856,coco_30k_10k.csv,277172
A dump truck parked by the side of a road.,98520,17863,coco_30k_10k.csv,350084
Crowd of people walking near trucks outside of large complex.,79381,17884,coco_30k_10k.csv,396851
A man brushing his teeth with a tooth brush.,42239,17896,coco_30k_10k.csv,110587
A section of a yard being dug up next to a building.,67846,17913,coco_30k_10k.csv,283441
A white polar bear laying on top of a pool of water.,6884,17915,coco_30k_10k.csv,212688
A group of people standing next to each other near a ground of people on a green patch fo grass.,93789,17924,coco_30k_10k.csv,279927
a small boat in a body of water,92542,17944,coco_30k_10k.csv,327466
A pretty lady wearing sunglasses holding a white frisbee.,88900,17953,coco_30k_10k.csv,22801
A woman that is standing near a open suitcase.,83270,17980,coco_30k_10k.csv,579462
An individual is in the open view in the picture.,74151,17994,coco_30k_10k.csv,200668
That is something being here taken in the picture.,97559,18005,coco_30k_10k.csv,221966
A cat is sitting on the ground beside a wheel of a bicycle.,92501,18051,coco_30k_10k.csv,317173
A herd of elephants of various ages standing out in an open plain.,84191,18056,coco_30k_10k.csv,510915
A man in a parking lot talking to the driver of an army green pickup truck.,2648,18057,coco_30k_10k.csv,89790
A young elephant by a pool of water in a zoo enclosure.,22903,18063,coco_30k_10k.csv,492817
A black bear sits at the base of his tree house at the zoo,18208,18096,coco_30k_10k.csv,438692
A cat curled next to various items and accessories.,58911,18114,coco_30k_10k.csv,18893
A group of people at the beach with umbrellas,42783,18129,coco_30k_10k.csv,319051
Young boy holding an umbrella on a rainy day.,19530,18133,coco_30k_10k.csv,313735
A girl standing on the sidewalk holding a blue umbrella.,24498,18134,coco_30k_10k.csv,553869
a baby elephant walk next to some adult elephants,51845,18137,coco_30k_10k.csv,122172
a couple of boats are sitting in the water,2129,18138,coco_30k_10k.csv,517570
a cat is starring at an old television,40216,18142,coco_30k_10k.csv,307649
a row of boats are lined up in the water,29989,18147,coco_30k_10k.csv,387551
Five people are riding in a red boat on the water.,57342,18149,coco_30k_10k.csv,544825
a cat sleeping on the floor with a little toy,30531,18154,coco_30k_10k.csv,66413
A caretaker looks after a small brown elephant,45924,18156,coco_30k_10k.csv,44165
A cat is lounging on a book shelf.,91503,18174,coco_30k_10k.csv,549410
An old truck carrying luggage at the back,67766,18189,coco_30k_10k.csv,446324
A large white polar bear laying on top of snow.,90793,18200,coco_30k_10k.csv,304481
A brown chair with a blue umbrella on top of it.,82849,18201,coco_30k_10k.csv,543402
"The large motorboat is painted yellow, grey, and white.",66249,18202,coco_30k_10k.csv,356923
A Chinese couple is posing for a photo.,64857,18207,coco_30k_10k.csv,155774
Is this picture of a girl and her suitcase hand tinted?,92377,18208,coco_30k_10k.csv,449485
A bird standing on top of a lush green field.,66562,18218,coco_30k_10k.csv,563050
The two cats are looking for something good to eat.,91901,18222,coco_30k_10k.csv,222146
A piece of brown luggage sitting on the side of a road.,9056,18225,coco_30k_10k.csv,475879
A person offering a donut to a cat.,53586,18231,coco_30k_10k.csv,190760
A cat laying under a chair next to a bottle of water.,49056,18232,coco_30k_10k.csv,499597
a parking meter is in front of a vehicle,74206,18237,coco_30k_10k.csv,123639
"Bulls, dogs and people all share the same street.",8985,18249,coco_30k_10k.csv,250804
A view of a red sports car with luggage on the back of it.,35563,18251,coco_30k_10k.csv,573105
A man wearing a tie and suspenders is standing with his hands in his pockets.,42964,18264,coco_30k_10k.csv,104422
People in navy uniforms and one person talking on a walkie- talkie.,60203,18266,coco_30k_10k.csv,3382
Group of black chairs sitting underneath a blue umbrella.,26035,18272,coco_30k_10k.csv,429505
A person with an umbrella walking down a rainy road.,39562,18276,coco_30k_10k.csv,207937
A young man with long red hair drinking from a glass.,84953,18287,coco_30k_10k.csv,208476
Umbrellas made and woven items on beach near waterway.,75490,18317,coco_30k_10k.csv,359546
A yellow train engine traveling down train tracks.,30662,18328,coco_30k_10k.csv,561967
The ship is sailing on the water as the people swim.,18282,18342,coco_30k_10k.csv,413446
cows are laying down on a patch of grass,31003,18382,coco_30k_10k.csv,93040
Shaggy cattle with horns graze on grass in a meadow.,95438,18409,coco_30k_10k.csv,288076
A black haired man wearing a white shirt and tie being filmed while speaking by a woman wearing red,63600,18417,coco_30k_10k.csv,512307
A brown dog laying on top of a white chair.,63130,18423,coco_30k_10k.csv,472582
A lot of blue and yellow umbrellas sitting under a clock.,14385,18424,coco_30k_10k.csv,95161
A loaded pickup and travel vehicle on the highway.,32435,18425,coco_30k_10k.csv,218208
A bunch of luggage that is in front of a truck.,15235,18435,coco_30k_10k.csv,487722
Someone who has one foot on a skateboard.,49970,18448,coco_30k_10k.csv,41842
a lady that is standing by some flowers,88811,18457,coco_30k_10k.csv,70240
Two young elephants are playing with each other.,3855,18459,coco_30k_10k.csv,568315
two boats sitting on the shore close to the water,22149,18481,coco_30k_10k.csv,278321
A train parked in front of a train station.,49127,18488,coco_30k_10k.csv,85097
Two boats sailing in the water near high grass.,31439,18513,coco_30k_10k.csv,458387
Heavy rain falls on a man holding a black umbrella.,32786,18516,coco_30k_10k.csv,527038
A crowd of pedestrians around a French monument.,86372,18520,coco_30k_10k.csv,12706
Adult with suitcase with purple tag at indoor facility.,84303,18529,coco_30k_10k.csv,339787
Cat sitting next to remote control on small counter.,70858,18531,coco_30k_10k.csv,435922
A hipster emo woman with very large breast.,31873,18548,coco_30k_10k.csv,352949
A boat sitting on the side of a white building.,63809,18549,coco_30k_10k.csv,426987
A dog looking over the side from the bed of a pickup truck,84870,18574,coco_30k_10k.csv,274058
A red and yellow train on the train tracks.,86491,18580,coco_30k_10k.csv,515022
cows inside a pen reaching for a woman,75962,18587,coco_30k_10k.csv,97362
Two people are riding on top of some elephants.,77280,18593,coco_30k_10k.csv,274399
a corner of a James Smith & Sons store with various umbrellas lined up in the window,13846,18597,coco_30k_10k.csv,7444
A piece of red luggage sitting next to a bench.,67984,18598,coco_30k_10k.csv,251044
A couple of men standing next to a blue truck.,7555,18599,coco_30k_10k.csv,159223
Several elephants walking in the dirt near grass.,24613,18613,coco_30k_10k.csv,476300
A man holding a phone up to take a selfie.,31436,18625,coco_30k_10k.csv,84097
A large elephant stomps around on the dirt covered ground.,89280,18627,coco_30k_10k.csv,129431
A man and woman look into each others eyes while getting married.,41501,18630,coco_30k_10k.csv,473219
there is a cat that is sitting on a mans lap,65892,18642,coco_30k_10k.csv,383846
A couple of people riding on the back of a horse carriage.,4787,18645,coco_30k_10k.csv,343401
A man standing up against a wall with his hands clasped together.,1864,18674,coco_30k_10k.csv,169539
A dog is in the bed of a truck with its tongue out.,56287,18686,coco_30k_10k.csv,504516
a brown bull is walking on some sand water and a rock,37483,18688,coco_30k_10k.csv,226973
A group of people standing next to each other on a field.,97055,18704,coco_30k_10k.csv,323799
"A bright, building-lined river heavily populated with boats.",83674,18722,coco_30k_10k.csv,205352
A couple of parking meters sitting on top of a patch of grass.,87175,18740,coco_30k_10k.csv,128829
A man wearing sun glasses is wearing a suit and tie and holding two things in his hands.,93777,18741,coco_30k_10k.csv,204767
A dog sitting on the side of an area where boats are docked in the water.,18660,18750,coco_30k_10k.csv,493797
there are many cows that are laying in this barn,30198,18772,coco_30k_10k.csv,414560
a man in glasses and a tie is smiling,77103,18774,coco_30k_10k.csv,477025
A photographer is setting up his lighting equipment.,72400,18775,coco_30k_10k.csv,93089
a cat is standing inside of a bathroom sink,7948,18779,coco_30k_10k.csv,419051
A kitty cat standing on a sink playing with a mirror.,34482,18782,coco_30k_10k.csv,122213
A group of people riding bikes down a street.,83264,18787,coco_30k_10k.csv,449638
A group of people stare at a group of elephants.,7986,18812,coco_30k_10k.csv,419344
Large special saddles are used while riding elephants.,51857,18826,coco_30k_10k.csv,477750
A parking meter covered in graffiti sitting on a  sidewalk.,79044,18831,coco_30k_10k.csv,341137
Two cows overlooking a mountain range and one is looking in the opposite direction of the other one.,19268,18848,coco_30k_10k.csv,414679
The green train is parked at the platform.,64784,18879,coco_30k_10k.csv,436691
A couple of brown cows walking across a green field.,6989,18883,coco_30k_10k.csv,400046
A woman holding a pink umbrella over her left shoulder.,43871,18887,coco_30k_10k.csv,66336
A woman walks out of the ocean towards a beach chair and umbrella.,99998,18918,coco_30k_10k.csv,84477
A two story white building with lots of umbrellas over them.,740,18923,coco_30k_10k.csv,293895
A parking meter sitting next to a small covered sign.,71065,18935,coco_30k_10k.csv,272185
an elephant standing in a field of grass surrounded by trees,22683,18938,coco_30k_10k.csv,435783
a beach with people and sand with a view of the water,26239,18946,coco_30k_10k.csv,22802
Construction equipment seen at work site in urban area.,97477,18966,coco_30k_10k.csv,107641
Two green freight trucks parked on the side of the road.,29473,18973,coco_30k_10k.csv,16466
a rusty flatbed truck sitting by a building,75080,19000,coco_30k_10k.csv,559614
An elephant with large white tusk standing next to a  forest.,14654,19005,coco_30k_10k.csv,424731
A woman sitting next to a parking meter.,2896,19010,coco_30k_10k.csv,46743
A white truck parked on the side of a road.,45395,19021,coco_30k_10k.csv,214106
The cows are standing on the hay in a meadow.,99586,19026,coco_30k_10k.csv,55241
A group of women walking across a parking lot with umbrellas.,90104,19027,coco_30k_10k.csv,460294
Several cows huddled in a patch of dirt.,15414,19086,coco_30k_10k.csv,91650
A single elephant standing in a large grassy field,72385,19102,coco_30k_10k.csv,38332
A rowboat parked at the base of a white lighthouse.,70635,19105,coco_30k_10k.csv,305223
A cat that is laying in a basket.,63594,19108,coco_30k_10k.csv,132690
A group of people who are seated together.,43613,19110,coco_30k_10k.csv,530313
A truck is moving along a city street.,89354,19118,coco_30k_10k.csv,501379
A truck that is parked on the side of the street.,99191,19136,coco_30k_10k.csv,300943
A bunch of cars that are parked in front of coin meters.,82868,19138,coco_30k_10k.csv,369470
A large black dog sitting on to of a trucks flat bed.,8785,19139,coco_30k_10k.csv,18098
A little girl that is standing with an umbrella.,19036,19176,coco_30k_10k.csv,408120
An old man scratching his head at a baseball game,45233,19179,coco_30k_10k.csv,293891
The passenger train is painted brown and white.,82062,19194,coco_30k_10k.csv,227590
"An elephant walks around a small, fenced-in area.",80244,19204,coco_30k_10k.csv,465449
A baby holding a blue umbrella inside the house.,66741,19211,coco_30k_10k.csv,391642
Adults enjoying time at sandy beach with sun and shade.,79569,19227,coco_30k_10k.csv,205253
A baby elephant being fed a bottle of milk.,53820,19230,coco_30k_10k.csv,267169
The cat is standing on top of the desk.,93283,19239,coco_30k_10k.csv,181739
The delivery truck has colorful bottles on the side of it.,60483,19245,coco_30k_10k.csv,366792
A stack of suitcases beside curtains made from white squares.,57209,19246,coco_30k_10k.csv,434915
Two black cat sitting in front of a window facing the backyard.,81299,19259,coco_30k_10k.csv,158109
A cat standing in between two grassy plants.,50040,19265,coco_30k_10k.csv,175729
a night time photo of a cab over truck,73521,19269,coco_30k_10k.csv,547309
A busy street is crowded with umbrellas on a rainy day.,14514,19271,coco_30k_10k.csv,466558
A brown cat lies down on a brown carpet.,28254,19311,coco_30k_10k.csv,501229
"Parking meter that is expired, with damp street below",10787,19316,coco_30k_10k.csv,476339
some people are sitting on a trolly outside,68699,19329,coco_30k_10k.csv,445722
two people riding on top of two horses,27908,19365,coco_30k_10k.csv,74309
two people in a wooden boat with sails on some water,22996,19371,coco_30k_10k.csv,522393
A truck that has boxes in the bed.,33677,19381,coco_30k_10k.csv,472415
A couple of multi-colored lawn chairs sitting on a beach.,35488,19384,coco_30k_10k.csv,506942
A bunch of people inside a crowded subway train.,77149,19392,coco_30k_10k.csv,183519
A cat is  sleeping inside a duffel bag.,87207,19403,coco_30k_10k.csv,396094
A blond woman kneeling in front of a parking meter.,435,19407,coco_30k_10k.csv,365366
a building that has some umbrellas in front,75664,19409,coco_30k_10k.csv,256630
A polar bear swimming through water in a zoo.,35572,19419,coco_30k_10k.csv,379836
People are on the beach with buildings in the background.,39246,19426,coco_30k_10k.csv,562084
A large cow walks over a fox in the grass.,66521,19435,coco_30k_10k.csv,11169
Many different boats that are on the water.,91377,19440,coco_30k_10k.csv,400431
A couple of men riding on the back of a boat.,43254,19443,coco_30k_10k.csv,431615
a busy road that is next to some buildings,96699,19452,coco_30k_10k.csv,314313
a man fixes a tie with a button up shirt,94901,19479,coco_30k_10k.csv,376059
"A red brick building as a backdrop, trained elephants entertain a crowd.",70966,19480,coco_30k_10k.csv,435260
A group of cows grazing in a field near a body of water.,35714,19484,coco_30k_10k.csv,129416
A man in a tie and dress shirt taking a picture with a cell phone.,32588,19493,coco_30k_10k.csv,183970
A very colorful room with models of cows afixed to the ceiling.,97766,19499,coco_30k_10k.csv,77963
The young men in suits are posing on a staircase.,39274,19501,coco_30k_10k.csv,61722
A bunch of people are rowing in some row boats.,31546,19516,coco_30k_10k.csv,220215
a couple of dogs that are sitting in a boat,52502,19519,coco_30k_10k.csv,17350
A windblown inverted umbrella mounted on a pole with city buildings behind.,38405,19521,coco_30k_10k.csv,528980
Large elephant rubbing itself up against a large tree.,729,19535,coco_30k_10k.csv,468604
Two parking meters take credit cards and allow 2 hour parking,71199,19536,coco_30k_10k.csv,554740
a couple of kids are standing in a grassy field,63921,19540,coco_30k_10k.csv,420113
A cow grazing on grass and flowers next to a river.,14999,19552,coco_30k_10k.csv,422698
An animation of a girl holding an umbrella is shown.,22124,19554,coco_30k_10k.csv,181714
A train has been tagged with colorful graffiti.,93343,19558,coco_30k_10k.csv,70460
A black and white cat sleeps next to a stuffed bear.,3457,19565,coco_30k_10k.csv,414481
A big elephant makes its way across the road with onlookers in the car.,77684,19573,coco_30k_10k.csv,166664
A group of cows looking at camera by trees.,50039,19576,coco_30k_10k.csv,483893
A squinting dog on a brick patio sniffs a cup of coffee.,33539,19587,coco_30k_10k.csv,521348
The dog is pulling a woman on a skateboard.,82272,19589,coco_30k_10k.csv,500100
The umbrella is inside of a potted plant on the wooden balcony.,90145,19622,coco_30k_10k.csv,38645
A man with a yellow umbrella waves a flag on the shore of a river.,69090,19624,coco_30k_10k.csv,257076
A wet suitcase with a single shoe in it.,93097,19625,coco_30k_10k.csv,417190
A white truck parked on the beach with its door open,30620,19630,coco_30k_10k.csv,196715
A white fishing boat goes under a bridge.,66139,19633,coco_30k_10k.csv,82263
a little teddy bear stands on a table next to a chocolate dessert,12062,19641,coco_30k_10k.csv,73453
A young man on a skateboard doing tricks.,41113,19668,coco_30k_10k.csv,450543
A man sleeping next to a dachshund puppy.,88336,19677,coco_30k_10k.csv,94271
A skier on a snow covered mountain resort.,38705,19685,coco_30k_10k.csv,445602
The dog is laying in the green grass with a red frisbee.,74860,19693,coco_30k_10k.csv,408008
"A crispy pizza with vegetables, cheese and sauce.",52,19719,coco_30k_10k.csv,536894
Multiple types of vegetables sitting in a card board box.,54870,19730,coco_30k_10k.csv,184590
Snow skiers at the base of the mountain slope.,63244,19732,coco_30k_10k.csv,426259
Elderly man examines fruit on display in a store.,61828,19736,coco_30k_10k.csv,191078
A man going of a jump while skiing,41766,19756,coco_30k_10k.csv,213457
A picture of a plate of food on a table.,89133,19789,coco_30k_10k.csv,512729
a woman with a rope leading a horse,83815,19799,coco_30k_10k.csv,54931
A zebra is next to fences standing on white ground.,71435,19818,coco_30k_10k.csv,317024
A person skis past two people and a dog,79884,19828,coco_30k_10k.csv,144862
A puffy pie is on a cooler grate on white tiles.,95728,19840,coco_30k_10k.csv,434043
A woman trying to take a frisbee from her dog.,33339,19852,coco_30k_10k.csv,471483
Two skateboards with neon green wheels and no one riding.,77317,19855,coco_30k_10k.csv,472671
A plate of Italian food with vegetables sitting next to a fork,16711,19867,coco_30k_10k.csv,136795
A person holds a misshapen carrot over a kitchen counter.,9199,19868,coco_30k_10k.csv,442301
Remnants of a meal sit on a square plate on a colorful surface.,60577,19870,coco_30k_10k.csv,411871
A jockey riding a horse as it leaps into the air.,86164,19885,coco_30k_10k.csv,77063
"A horse standing by a bucket, in the entrance way to a stone tunnel.",44064,19890,coco_30k_10k.csv,514690
Two black bears standing next to each other.,34188,19898,coco_30k_10k.csv,343571
A very long submarine sandwich sitting on a table next to bottles of alcohol.,53752,19903,coco_30k_10k.csv,448923
A plate filled with a bowl of vegetables and two slices of bread with a spread on them.,1747,19906,coco_30k_10k.csv,30785
A skier in a race jumping over a small hill,64926,19916,coco_30k_10k.csv,351715
